Title,Note,URL,Tags,Comment
,,,,
Saved - ℹ️ 0404--HLAVNI-ROZCESTNIK--MAIN-INDEX,,https://www.google.com/collections/s/list/-Gw_GSCuLz4YmUmSIPVztg/i6j1eKA6O9Y,,
Labyrint světa a ráj srdce – kapitola 37,,http://www.labyrint.cz/cs/kapitola-37,,
Anatomy of an Online Course: Comment Wall,,https://blogger.googleusercontent.com/img/b/R29vZ2xl/AVvXsEj6JQRyMbnRHbELt6MsGY8wmKOoOwkNPtgOFg1MlBGnWf7Zvkzkdrl-K484pFIPQ39yLaOu-IIzzrRR6kI_zKnugAGEXatCdk5hciLtekXzEJqDFTiS4HUsGBtHzOLC01U_Gs3XeiQNdDom/s1600/6061306011_85079f5cb4_o+(1).jpg,,
"Comment wall with great restaurants suggestions and ideas of activities to
do in New York - Picture of Arlo Soho, New York City - Tripadvisor",,https://media-cdn.tripadvisor.com/media/photo-s/0d/8f/0d/4c/comment-wall-with-great.jpg,,
Launching an Idea Wall | AISL Independent Ideas,,https://aislnews.org/wp-content/uploads/2017/11/Idea-Wall-1024x765.jpg,,
"The Kitchener idea wall @Catalyst137kw is populated with post-its! Thank
you to everyone who shared their thoughts today #smartWR
#bestcommunity4kids #kwawesome",,https://pbs.twimg.com/media/DsfceoGWkAAqHSI.jpg,,
Our idea wall is getting really interesting - come share how you ...,,https://i.pinimg.com/736x/45/94/8e/45948ece7d05a35b7d66e5e6b0df7920.jpg,,
Elevate Your Workspace: Wall Ideas for Productive & Creative ...,,https://printawallpaper.com/wp-content/uploads/2020/10/think_innovation_e-1200x800.jpg,,
